data,titolo,descrizione,relatore,streaming,download
2013-01-06,Iniziare con una identità,/,P.M.,/,https://mega.nz/#!AVhiTLoT!haCwpDoidWZsbEL4VobcZJar7XSGu6P0SMzBtUJNWko
2013-01-13,Volare come aquile,/,B.F.,/,https://mega.nz/#!0EwF3KiI!gjPfHc_JBG305gnfTAYzjIjzHNS4bT3dc9m5dLr_x8s
2013-01-13,Testimonianza,/,,//,https://mega.nz/#!hYQzRDjJ!etxFRe7U3q7P1bZYGBReG5mVqe6yJYkKhROjr-g5YFw
2013-01-27,Soffio vitale di Dio,/,P.M.,/,https://mega.nz/#!pR5XmBKK!WqeSBThGAgsO2xrbFltbQrWj3XWk8W_i439MA1LqzZE
2013-02-03,Prepara le parole,/,P.M.,/,https://mega.nz/#!8YhXUThA!CAOIUKrIlPcYnIHiWvomSpdih-2oqhnj4Fi3fxf_VKY
2013-02-17,La potenza della pietà,/,P.M.,/,https://mega.nz/#!JNBEhTZQ!GR2-eVjI8jFvlyX-Ztg4uVjh-Ilb0M9urMga55eQpFE
2013-02-24,Resistere nella tempesta,/,P.M.,/,https://mega.nz/#!JBQXCKzJ!s4HopfgKkWgyCV3LJypZrjlIEYfWR5ZdwPhN57GfjsU
2013-03-10,La forza della fede,/,S.R.,/,https://mega.nz/#!kIAQXI7D!XrcugDer4-fDKXbgyR26FE8V4sbZpnt-56B4xvdF24Q
2013-03-17,Il battito cardiaco di Dio,/,P.M.,/,https://mega.nz/#!UNxQlRhT!MmjzEkfX2WXOJ1hZ8l358RwTBOBFKv1e3GZVCBjaS8c
2013-03-31,/,/,G.P.,/,https://mega.nz/#!YURXyDJR!1TrvDQ_hQ0y7eiDClJV2OJxQqIXKI1KaW2c-xCzVggw
2013-04-07,Rhema,/,P.M.,/,https://mega.nz/#!9FgUmJQb!lOQAENIZYRmcdHzUNhJkl0CXtpjLGtnuzHbjpFUetkM
2013-04-14,Opera in Dio,/,G.A.,/,https://mega.nz/#!kQRlyYYC!W3JLAWg8vrh9w7MugU8aT0jDV_Nr9kknINHC1jk56As
2013-04-21,La croce del discepolo,/,P.M.,/,https://mega.nz/#!AAhVwYjK!8-EJn6YcudrnF277rcOP_V8CjYSkbKONELCVcKjP2jo
2013-04-28,Le nostre aspettative con Dio,/,K.L.,/,https://mega.nz/#!9dgDABQS!BEUaSMe1GptdHL9Llp-NdQ6DSsSl9NvPhv4NWuLADbw
2013-04-28,Non arrenderti,/,K.L.,/,https://mega.nz/#!hMQx3CIY!ZKiQYfNYve2X8fu19swRSvfdEm1qR6253KZOSbIp-ko
2013-05-05,Ripercussioni della croce,/,P.M.,/,https://mega.nz/#!ZAQV0CpB!QQsB268s73beNxHi9F8h38sbQyYsTbRcqmlvxI0-Tc0
2013-05-12,Strade da seguire,/,B.F.,/,https://mega.nz/#!MQxAzQqL!EBI-Vs40IVDENqAaux8KWPNKLnN1nnZHmPt8amXFOVc
2013-05-19,Custodisci il tesoro,/,P.M.,/,https://mega.nz/#!gEgnhSCR!0VJ19xAaT_mxttZD4q44qEylsYyzBEguAtOOMATLiKs
2013-05-24,Conferenza-Dov'è il tuo tesoro,/,M.D.,/,https://mega.nz/#!5ABz1YzC!qPSxLU6Viw2Yiukeksze7Zuh5dmuVzK7jBFMpZarbY0
2013-06-02,/,/,/,/,https://mega.nz/#!QYo2xJhQ!xH4HE0ucx4NWmMl3NF6j0Vy-uTTaPinrqkuQbG36Es0
2013-06-06,Preoccuparmi o curarmi,/,P.M.,/,https://mega.nz/#!oM5jWaKJ!EEBSXqlXYo_jsH9kCK93jFDVe1B4UJ9i_nrE5hHD5W8
2013-06-23,/,/,/,/,https://mega.nz/#!dQZSBSgZ!SyQrq-w-eA--s40bLlGoLZN-qTuUneE5GdlumPsc7JM
2013-06-30,Relazione di cuore,/,P.M.,/,https://mega.nz/#!AF5iSCJJ!VqvL_kYKZCAxBqdEuiHIrh5drTBuErBXtvLxZSqe3fU
2013-07-07,Tu non sei da meno,/,P.M.,/,https://mega.nz/#!kNJhiTIS!YMIwwOWlLeGY_cDt-_iRhVM-c1rCjQtE2cascn8Vd0U
2013-07-21,Le dieci vergini,/,P.M.,/,https://mega.nz/#!ZdJjlTBL!QosalWFd24Nn9FmsXvX2m4uvVtVHLtIVKpF_LWKiFfU
2013-07-28,Gratitudine o identità,/,P.M.,/,https://mega.nz/#!4UIHhb4J!kEVWnFx7M3ztZS1JxsCgQaW-zBkqDwQ6LbIayrdkkx0
2013-08-11,Perchè mi chiamate Signore,/,G.P.,/,https://mega.nz/#!4YBAxJrR!OoiOodPWGLZiiwjAgq2c8Jc-GwAFvk8eJG8VJsbTH5o
2013-08-18,Chi è la tua gloria,/,P.M.,/,https://mega.nz/#!hcIDTbAJ!RQqtY2QLQh3jXonSAYDzcQ4e2XYyX47hyygOS-fRcU8
2013-08-25,La trave e la pagliuzza,/,P.M.,/,https://mega.nz/#!hcIDTbAJ!RQqtY2QLQh3jXonSAYDzcQ4e2XYyX47hyygOS-fRcU8
2013-09-22,Prosperità nella verità,/,P.M.,/,https://mega.nz/#!VIBSgYYb!85iwD4TCGnSGmU_tL-k0RX9rVOmkzDmwFaMk2c5XI8Q
2013-09-29,La pace nella lode,/,P.M.,/,https://mega.nz/#!xJwBHAzT!PdeXOFeDw8sTwa-uLzJ8e2YYdl4XgseovPnIauv0MuA
2013-10-06,La gloria in Te,/,P.M.,/,https://mega.nz/#!QY51GTqK!hcxWT9KZPJIWEUhCxMWoVxRoAE3_AdIsHv4DRVlQlzw
2013-10-13,Potenza e autorità,/,P.M.,/,https://mega.nz/#!ZV5RWZyT!wMcqk20wQ36R8OLTAIJg11WbVavEJnNVHuRG7EgA1EU
2013-10-20,Attiva la tua fede,/,P.M.,/,https://mega.nz/#!NdR0xYAL!lMnZSc1ufFMpH89HMUFuGIbW9wkg93Noeis1FZxnD04
2013-10-27,Alimenta la tua fede,/,P.M.,/,https://mega.nz/#!NdR0xYAL!lMnZSc1ufFMpH89HMUFuGIbW9wkg93Noeis1FZxnD04
2013-11-03,Fede piccola ma viva,/,P.M.,/,https://mega.nz/#!dYh0SQSB!902rKIGLhZveD8bEtxPdYy11WcUwRHtPMbhrFYArVGU
2013-11-10,Zaccheo,/,/,/,https://mega.nz/#!YNomRSBC!YJoGYCL3S-iq-SywaCJ5Tb-Cv8JSrh6SdO4fvWaDFl8
2013-11-17,/,/,P.M.,/,https://mega.nz/#!9I4ClAqK!BrkUMAA3z2ZKUIPu9WJvKgb76uZvjwTc2s_6QU0Biw0
2013-11-24,Il vangelo è ubbidienza,/,P.M.,/,https://mega.nz/#!FV4XCQwA!TX4KwcC21ppG0Fyka7ElgolIIft8WsxZckxnrtEG58Q
2013-12-01,Inizio,/,/,/,https://mega.nz/#!hdxVWaLC!TXiDey8mOyZWZHIlmm9gY2AYU5GA9GzF9ObiruS2cR0
2013-12-08,Uniti siamo forti,/,P.M.,/,https://mega.nz/#!ZJomxCbY!kDyf2dr-rAi1oy5B79E_F4QJJa-jf2qbTgukQFExtCk
2013-12-15,Guarda ciò che non vedi,/,P.M.,/,https://mega.nz/#!ccYgEC6Q!wHqgJhkplt1eai3P6w7hr_DDR6tjEKGBDSCcUkeqZTA
2013-12-22,Teatrino Natalizio,/,G.P.,/,https://mega.nz/#!UZ4y2KYK!FPFNaa5PCikG-8tdJ3Ac1RlIjq38CnWXcAZKSdhy14s
2013-12-25,Natale 2013,/,P.M.,/,https://mega.nz/#!1BIBDbha!p0u5JDuuNhaTAby6haIg8qsuLnDev9XSLMiV47di3s8
2013-12-29,Ottimisti nati,/,/,/,https://mega.nz/#!8M4AGDya!yseOK7a92dJdUHB9lu46XSBFkow4iFt-fNSmbfRyV14
2014-01-05,Ringraziamento come attitudine,/,P.M.,/,https://mega.nz/#!5RBiQThL!rx8QlfsCl-BJbjkb63Am956IP_HA9G4rtpDoW_KYTYY
2014-01-12,/,/,B.F.,/,https://mega.nz/#!gRxnGZIb!NRtzWJgWKr-ozWZJ1TI6KeC1VmbCJUqDIMDmefbbwCU
2014-01-19,Nessuna paura per i credenti,/,P.M.,/,https://mega.nz/#!0QgRnaSI!hsIhvhD2S1JEnvnUzf1C7Q1jQeiI-WKmPl2VJ3_sLJA
2014-01-26,Appartenere al regno,/,P.M.,/,https://mega.nz/#!5YZjlaDY!ShJL1tJx-WSUjfWwFGR4Hz5vJCyEFp4vuhBDnuQDaUU
2014-02-08,Sentinella della città,/,P.M.,/,https://mega.nz/#!BVh1VRaZ!GwCmDzHe7jM_Bb0sTeW1i3-qBXeaEgoxaUCNuOf75iw
2014-02-09,Lo spirito di Izabel,/,P.M.,/,https://mega.nz/#!pIY1hS7C!wiagKl7DFeNL_Lg5cKHlJV3aLYrMKGviXmLyKmMCcKE
2014-02-16,Corteo di vita o morte,/,P.M.,/,https://mega.nz/#!JQgHBaLS!ymEIXS1Q3Rqj_fpffBy6UKH0GYlmXPomr7Qf3XiAIaQ
2014-02-23,La potenza della Grazia,/,P.M.,/,https://mega.nz/#!5AYBxLRQ!GDbNwy8i99prg6QEjgR8cGVOix0JUamtLrKFRDdzy74
2014-03-02,Livelli di preghiera,/,P.M.,/,https://mega.nz/#!MRxlXCiQ!BFl3N3XE2BPxjtL5u5lyiE5uRYFAdz-YOGn4bZqXAQo
2014-03-09,Pregare come Gesù,/,P.M.,/,https://mega.nz/#!1VpCiRzR!2ZzMqRbij0G3JwkO9x0wFGL1hqJ6HxiMOfnoVUBvyQ8
2014-03-16,Grida a Io,/,P.S.,/,https://mega.nz/#!JMhl0SrA!Q240oXIHnDiIohqkkp-0-x6_K2voP164Grob4kr8fQI
2014-03-23,Il fine della Grazia,/,P.M.,/,https://mega.nz/#!0BRxzBoA!RdaRZUb9xENLr59Oyys5h5ed0WI7ZQGQHCZRpMZ4FAY
2014-03-30,Respira la lode a Dio e vivi,/,P.M.,/,https://mega.nz/#!9BJXzCiQ!TklF__X-iGkEgW-v08hRp6AWyrXv4_lGqnN9GxBvge8
2014-04-06,La costanza,/,P.I.,/,https://mega.nz/#!wRokgB7T!JUWADk0cfE09LVYKiPAyZrq22YiLQIwffYP9cs0ly54
2014-04-13,La Gloria si manifesta,/,P.M.,/,https://mega.nz/#!IRx0RJQK!lbNBkesXVfWjLrdM4YoXLCoo47d_f78JL0gmbv_Rfuo
2014-04-18,Ristabilire ogni cosa,/,P.M.,/,https://mega.nz/#!pZAAkR4R!GKUtgq1152SHHJk5we1FrJPC4L2W9R0CRsUHrcTCBqU
2014-04-20,Il libro perduto,/,P.M.,/,https://mega.nz/#!FZ5STaCQ!xdeFQiTrIOAyOVSCb4s9N_Xcrg1hiu0fsdPFpo95It0
2014-04-27,Il ministero della chiesa,/,P.M.,/,https://mega.nz/#!IRgTTILB!eQQrOMWpMQpIEVPGjZMouqg214jdApPuAkK62q0Q0Qw
2014-05-04,Come vedi la folla,/,P.M.,/,https://mega.nz/#!tcJ1STjD!hPKDKLHL81YLZa9pra4XybcrZtNVKTnA1tAflYFGQrM
2014-05-11,Cristo sapienza di Dio,/,G.P.,/,https://mega.nz/#!lBYylD4R!ZvGhYM4ZvHG7pppXoyKMqCJY_N84Q67JdWE5AZBWX34
2014-05-18,PLa preghiera tra fede e testardaggine,/,P.M.,/,https://mega.nz/#!1JBxUZbB!g-LAUAK0CvwD1IlxzpDVaYPg6Xx8uohEMq3e_ee1_RI
2014-05-25,Il battesimo di fuoco,/,P.M.,/,https://mega.nz/#!MIpyRazB!pBUGfLLnSPJ1e4NRQ5ndf3yQ41kaBiI5vyLwTzW95Hg
2014-06-09,Usa la porta del cuore,/,P.M.,/,https://mega.nz/#!FUhzXRgK!X7TvCtBWmWRAKGV9tz7SthXVih_Ypb039Nm78wglVgM
2014-06-13,Sessione 1 conferenza,/,M.D.,/,https://mega.nz/#!RUBVSRzI!hDNENKzMMUv7YRIPeepa2jLx6NblAOa1zNoajuh_s2M
2014-06-29,Umiltà: impariamo da Gesù,/,P.M.,/,https://mega.nz/#!UVRiyZZJ!2LDaCDoATMmj9SE3HMF_Uo11dPvCpTjZTcDSqfoQB1U
2014-07-06,Preparati per essere pronto,/,P.M.,/,https://mega.nz/#!lBQiFZZa!_XkylU7a4Bxyo18d4zUEmVdzlhc_MKfoajvg-Qf1hMQ
2014-07-13,Dio è... Dio,/,G.P.,/,https://mega.nz/#!gQoSlYYQ!tcVZ7CY6WwSX_8MYfim9BTSMW2RP2O8RX06DC7kqaNw
2014-07-20,gesù è il tuo migliore amico,/,B.F.,/,https://mega.nz/#!JQpUDJ6S!ddylgAEeNzMXQ_Mbz9QDsNQjEaPUEYDk09y0I4XeLio
2014-07-27,Quando il cuore arde,/,P.M.,/,https://mega.nz/#!YMBG3AAJ!Gzgt-C5_-9qhX12CX3UBtLjayiodWLK-JLo3LNYxEoA
2014-07-31,Cristo... La roccia!,/,E.M.,/,https://mega.nz/#!tMgW0JSS!RvJZy8yN9iUWOryOoBVqiP4_qSEEFD-FRNIZUK0c4Zs
2014-08-03,Fede che vince il mondo,/,P.M.,/,https://mega.nz/#!EQBDxIID!r1Tyg2yWktY5kUD0P_2HrXiPtqGNOQYtF06Qw2JMkXA
2014-08-10,Ira; giato diabolico,/,P.M.,/,https://mega.nz/#!MM4DwSrI!CNqE503-8zolWYbEidpnGwzqqjHGtu_Ybe5LTFf1xtw
2014-08-17,Serve fiducia,/,P.M.,/,https://mega.nz/#!sdomHLhC!JGEDkovovkzXQ804umxXjzI6yA4PL_JBfSq_de4KnJc
2014-08-24,Ipocrisia o autenticità,/,P.M.,/,https://mega.nz/#!5F5lUYDa!GSklbUEN21DyuNAkOQ8_EsfCZ6a70-oNZgjzlJ8-lNc
2014-09-07,Sostituzione-Separazione-santificazione,/,G.P.,/,https://mega.nz/#!VZBwCbjB!g0Ro30jnrJckzrVpwHNgPCf1qJKAYY5TF6Xx-FOSgGU
2014-09-11,/,/,P.M.,/,https://mega.nz/#!lNJk1aaZ!ImFoR7K9NaFez-zGYwu5c24frHsVQBboHFg1LPYDdac
2014-09-21,Quanti pensieri!,/,P.M.,/,https://mega.nz/#!RAwGTITY!IBLXVC_f7BCmwJBOm86yyumw4RaBKKvDihPytTDltqs
2014-09-28,Vedere la Sua gloria,/,P.M.,/,https://mega.nz/#!lZ4HHTpL!FqdWWxqyOojphaC_4wG1e__j9ia_GVJVXVi0yrZtfkQ
2014-10-05,La gloria di Gesù,/,P.M.,/,https://mega.nz/#!pRwnECQb!hRduOK1EiwAwdcnkmz9d926lXYNlGcfUSgO3Q3cx53M
2014-10-12,Segui Gesù,/,P.M.,/,https://mega.nz/#!pRwnECQb!hRduOK1EiwAwdcnkmz9d926lXYNlGcfUSgO3Q3cx53M
2014-10-19,Benefici che abbiamo in Gesù,/,B.F.,/,https://mega.nz/#!4VpUnKyQ!6iwEGDcsiELQHjEP7zZxLK722DiC7M7eQINhI3mFc0I
2014-10-26,Il potere dell'abbraccio,/,P.M.,/,https://mega.nz/#!5UIyQQ4R!XWfjZSlibXA1VCkIPjMySoRPB3r3eAl7L6CH6XAGMAg
2014-11-02,Risorgi Risvegliati Rispondi!,/,P.M.,/,https://mega.nz/#!NZxARApK!F6ReCRyLKyHDi7iYKWLygX4y5kOd6zhu1S2h4zhATsk
2014-11-09-Sconfitti, senza guerra,/,P.M.,/,https://mega.nz/#!QII2DTYD!h38zERML_vvJjbOFxCOpbcUljFUFZBWzMvQSlellPoM
2014-11-16,La festa con Dio - Il battesimo,/,P.M.,/,https://mega.nz/#!BdxGiJgI!x0uTs5gbit7c2d1rxExlGukOr4OSEA7qfQlV0H3oWEA
2014-11-23,Convivere tra le generazioni,/,P.M.,/,https://mega.nz/#!QII2DTYD!h38zERML_vvJjbOFxCOpbcUljFUFZBWzMvQSlellPoM
2014-11-30,Il lucignolo fumante,/,P.M.,/,https://mega.nz/#!sBYh1ZKR!4Hbd3lbOdPQCyIq06tZbZ9vLBG9WBpC0yOEC_s0X-p0
2014-12-07,Chi è Gesù per te,/,P.M.,/,https://mega.nz/#!ANR1jKpR!NZ8zcV0GbivhXhkbsBTgShh6xvaSOuO5zD49hPbLtRY
2014-12-14,Rafforzati nella Fede,/,P.M.,/,https://mega.nz/#!gY4SnLoa!IKDl6_xSZZM7gVOnpOXTLBLp9V3x2kZdi4KIAgesdL0
2014-12-21,Simeona - colui che ascolta,/,P.M.,/,https://mega.nz/#!4c4BSCxC!Kk0cop_3gfD80i9EWGNKDj-IPYo3zYxpyiDi2O88Ym4
2014-12-28,Gratitudine come attitudine,/,P.M.,/,https://mega.nz/#!8MoXDL5J!VLP_M0of1RnEBhVZTfVRLP7TBOw5ttXpeA6nHAyDnQU
2015-01-04,Proclama la bontà di Dio,/,Past. Marco Lienhard,/,https://mega.nz/#!dUxAgYyZ!BigBx5kkBNkdXwsOHPiAP4NwhJukzvjSOtwGZFDNhe0
2015-01-11,Rhema 2015 - I rampolli di Dio,/,Past. Marco Lienhard,/,https://mega.nz/#!lNwwhBYa!_Q1fPfR0xaKd34Z2EwXrtNoHTqu774NBiF1HwANPKHU
2015-01-18,Dio ti ama - Non dubitarne,/,Past. Kurt Locher,/,https://mega.nz/#!QApg0L6Z!1jkUyMpm6EL_hBwqCOHQgynUvkEevYrCB21gIOpa6Xg
2015-01-25,Gesù - l'uomo di dolore,/,Past. Marco Lienhard,/,https://mega.nz/#!ZEoyCbyZ!MTWkCGZxi9dbf8FenY4_22btE4qKTGH-XUXGtFFlHzE
2015-02-01,Cieli aperti per servire,/,Past. Marco Lienhard,/,https://mega.nz/#!wI5mVTZT!iFU5kC1g5yj8TnDAlJFxRjQVIyV1WBv3vu3X26vB2PE
2015-02-08,Dio - Il mio papà celeste,/,Past. Marco Lienhard,/,https://mega.nz/#!gZw2zTJL!J3aAbcq6zv9BAVHLkZK5w7H6AjsV8s3fRikHZRgXFKQ
2015-02-22,Gesù - L'uomo di dolore,/,Anz Giovanni Puntillo,/,https://mega.nz/#!kJhiUQjC!tJTiIE7hbFk1ZGWHp03gMwcdOm8jdBgqelqnBoavgBc
2015-03-08,Fede e guarigione,/,Past. Marco Lienhard,/,https://mega.nz/#!cN5xwC6b!SS44qeCukla1tDcT-NScHkI1RDvtFNXZLjjbRNbkDMU
2015-03-15,Fede che opera per amore,/,Past. Marco Lienhard,/,https://mega.nz/#!tB4zmKpB!HUPsgvDEfkf0P46whIjwrukAI7O-UeCALTJ8vax5vMs
2015-03-22,Le quattro prove della Fede,/,Past. Marco Lienhard,/,https://mega.nz/#!wMIxDaQZ!IswhNYsADNh1e3_lXFOiuk6fJNQtoQIlMDgIxEKcJAg
2015-03-29,Integrità,/,G.K.,/,https://mega.nz/#!sFIEDDRa!PWiO1jACRw2QfGLsN3bx0G7ZPiiJML1oKNL4G0xroGQ
2015-04-05,Speranza e potenza,/,Past. Marco Lienhard,/,https://mega.nz/#!4ZJCVLZS!SGYZ-mCLvS0-vbwbTFrwMZeKhd0GfCP9A-qJ1lP_JOg
2015-04-12,Manda me,/,M.A.,/,https://mega.nz/#!0BRhVCSR!K0Gaou3_vA-YhE178648PtQeX5FcATaLWMgeQvzMlZ8
2015-04-19,Scudo di Fede,/,Past. Marco Lienhard,/,https://mega.nz/#!0BRhVCSR!K0Gaou3_vA-YhE178648PtQeX5FcATaLWMgeQvzMlZ8
2015-04-26,Rendere grazie in ogni cosa,/,A.B.F,/,https://mega.nz/#!ZQp3zI5Q!7Ti5CQAdoSGDHgrn-vOLOHy4TLa6Z9ioARQubwf6sHA
2015-05-03,Il risveglio nel cuore,/,Past. Marco Lienhard,/,https://mega.nz/#!kYY03bZa!ueMY0Tbgq9TwuqQh6prbk-VQY5rxfaq98nXN8Jje_Ng
2015-05-10,Cercando il Risveglio,/,Anz. Giovanni Puntillo,/,https://mega.nz/#!RQhDSICY!NUMA2m0UztkA6LjRp4c8tDkBYlGZ4TNSKyAjAolXgv4
2015-05-17,Trasformati alla presenza di Dio,/,Past. Marco Lienhard,/,https://mega.nz/#!wEISnABD!cktqTC_Sdyw15BQSNE3xds36M7WFbzmhfGJCiVUd0nw
2015-05-25,Abbondanza senza fine,/,Past. Marco Lienhard,/,https://mega.nz/#!1UwjGRQB!805FN4lRkQSmGyTP7gWBrfK_I9hW4KvW5INq1XC3jcE
2015-05-31,Guarigione dalla depressione,/,Past. Marco Lienhard,/,https://mega.nz/#!IAwFhRKY!WRODq4iVm-QIq7LEjSAMnaUb5583FNbEWnOJDOTS3PY
2015-06-07,Teneri e potenti,/,Past. Marco Lienhard,/,https://mega.nz/#!cQIgkTwK!v41RacRSRXV5PtKqTQYZoqybxR7ayyp_dL_PXbjqOlc
2015-06-14,Non mi vergogno,/,Past. Marco Lienhard,/,https://mega.nz/#!RVBzBCyb!Og3LtCqiuH9yX4IXaTItWw_4z6H5VrSq5YEMh17S4-8
2015-06-21,Niente è impossibile,/,Past. Marco Lienhard,/,https://mega.nz/#!dAJyhS4T!TbdCN3SNvtwoGOzAen6JaZp2cegcZQ2verWsVGzQhaw
2015-06-28,Il mandato,/,Anz. Giovanni Puntillo,/,https://mega.nz/#!4c4CETqI!ndyOBFfHQ98GltXAwIL2v8mXYQ3s2DkBCCNhomsKLyA
2015-07-12,Rivestirsi di Cristo,/,Past. Marco Lienhard,/,https://mega.nz/#!dJRAUAKL!MbG8oRSCPTi6n5u4ghNUAXW5u20kp_k0N2bL9jXrTLI
2015-07-19,Regnati per regnare,/,Past. Marco Lienhard,/,https://mega.nz/#!VZpiFBhZ!ePj8viadfBrjC21yIOLBvjNCB3QD_Lujo8_fS-EgYPA
2015-07-26,Pane spezzato,/,Past. Marco Lienhard,/,https://mega.nz/#!lURClA5A!nigGXrdqbrL-kGn1neetiSD0oWS0X64Zg_3zNknX2Mc
2015-08-02,Preparare la gloria (Shekinah),/,Past. Marco Lienhard,/,https://mega.nz/#!IMJERTjT!zxSFTyFzJL2HVsE8EqyCGVus5uzr1ttmvm_lXKyppUw
2015-08-09,Primo amore,/,Past. Marco Lienhard,/,https://mega.nz/#!MMQjmZAR!75bEdfxRwo12F9J9tQ9hJC3TYIcRI6W-3IzwGDmoEQI
2015-08-23,Riposo-Ricompensa-Resurrezione!- La morte in Cristo,/,Past. Marco Lienhard,/,https://mega.nz/#!IZJynCDS!4GBWHAwooSbQXT5DTbC9-11qrgrhVh7NFGwmvzFdk7s
2015-09-06,Imparare l'ubbidienza,/,Past. Marco Lienhard,/,https://mega.nz/#!9VRnhIgK!A_7IMW0bx2uhB7XbNsdJ792xzwbn2IDEBPuGWk5FLo0
2015-09-13,Atti 934,/,Past. Marco Lienhard,/,https://mega.nz/#!hc5jUIra!NYRtw4xU1-aND0MfMImSZkRyvFhtgcn5ASeP1xINE00
2015-09-20,Imitatori di Cristo,Imitare Cristo,Past. Marco Lienhard,/,https://mega.nz/#!gIAShYqQ!-aHoSNarhQFBjdtcfztXIh4qsAUCjuu1t5qihXWDPjY
2015-09-27,Conoscere Cristo per adorare,Quanto conosci Gesù?,Past. Marco Lienhard,/,https://mega.nz/#!UcBhzRgL!DqZG7UseC7Qmx5VAyxSd33N3wipTCyD9PZXOWCpQRzE
2015-10-04,Gesù pane di vita!,Che cosa significa mangiare Gesù,Past. Marco Lienhard,/,https://mega.nz/#!RQBFDAjR!_MX2fQe4RvvUfBNhdGOa8Ow7uE1QyKgM_un4cwXiH1c
2015-10-11,Gesù crea e perfeziona la fede,Gesù creatore e computore della nostra fede,Past. Marco Lienhard,/,https://mega.nz/#!kFQWnRSS!vMtxmsu-y6oIEjM45m9c7OCK-LaNgOhzejipBOJU9DU
2015-10-18,Gesù fa ogni cosa bene.,Ciò che Gesù fa nelle nostre vite,Past. Marco Lienhard,/,https://mega.nz/#!URoT2JiZ!NySXqW-APLrIH7EdzObjpnphYMCszYctcyqjd2NhPtU
2015-10-25,L'ubbidienza di Naaman,L'ubbidienza alla verità purifica l'anima nostra,Past. Marco Lienhard,/,https://mega.nz/#!AMJT2BYT!iPG_2QmNb21eH3EjHx2aNNxy7mhJMa7erCdZcr2e7ms
2015-11-01,Gesù nel tempio,Privilegi e responsabilità di essere il Tempio dello Spirito Santo,Past. Marco Lienhard,/,https://mega.nz/#!JNBzgAjL!3lKphnlw4GY-P5z2fZQAKC3c_AOSeR0LKvp61W7CNRg
2015-11-08,Acque di salvezza,Il patto di sandue ed il patto dell'acqua,Past. Marco Lienhard,/,https://mega.nz/#!1J5jDR6Q!yJCX7cOW9ACN6ESLrJqgVEuag6ct5Z5Bwx7tLTnvhjA
2015-11-15,La cura di Dio,Come si prende cura Dio delle persone,Anz. Bruno Fucilla,/,https://mega.nz/#!xRZwUI4K!Ub3iRnel0afnkLrjvCqV73wB8ixIwj3n_DTjoqwkvMU
2015-11-29,Confidenza con Gesù,Tre livelli di confidenza e come accrescerla,Past. Marco Lienhard,/,https://mega.nz/#!ZMJh3JxK!okjTYmZolJUOJDmI31W8vZCIxHFkiE0Y4tlv_PCLjYM
2015-12-06,Sei luce del mondo,/,Past. Marco Lienhard,/,https://mega.nz/#!YRJSABYQ!51O9iFGhHqLsY5oxPvCYxKcQqhs3_pq7qTUyeaFVH_8
2015-12-13,La potenza della preghiera,/,Past. Marco Lienhard,/,https://mega.nz/#!hdAHjTiI!5N6iK_imhTNLDxCU0dUEa0USSmfxsN8NCzj2i_GsUiI
2015-12-20,La fonte della speranza,/,Past. Marco Lienhard,/,https://mega.nz/#!gdQ1kBAZ!oAbSgZviXgMhEagZaiC-RpdMFiWpf5IqarlmehKus8U
2015-12-25,La storia dell'armonica,/,Past. Marco Lienhard,/,https://mega.nz/#!ZAAFQCQI!bzlAQGxB5pXaHbTMyJH63w3PyQIurNkQEmL6oxS6r6k
2015-12-27,Tempi e scelte,/,Past. Marco Lienhard,/,https://mega.nz/#!5cpVnK5b!lwXiFQy5f8SXOH2FMHrRJHCdqRmLgoiWz-omhOvkfjQ
2016-01-03,Culto di ringraziamento,/,Past. Marco Lienhard,/,https://mega.nz/#!tdJgSCSI!0MBzTw5-hrzYwjqpgXVrmNFJwPV-y7oA81eDKO7rLqA
2016-01-10,Pace nel mandato,/,Past. Marco Lienhard,/,https://mega.nz/#!BERHjQqS!2Iysd0GMHem_FKihurCwuURFHh34j1lTWPBXabqsAg0
2016-01-17,La chiave dell'eternità,/,Past. Marco Lienhard,/,https://mega.nz/#!4d5UBQIS!je68KaSp-_kzYC3LfnclMtwM3oAlOtfAsZJtdKZBDvo
2016-01-24,L'arte della riconciliazione,/,Past. Marco Lienhard,/,https://mega.nz/#!Jcwi3CZL!2B3rGYDOZxhZv-C4WQupEiCQySdyP7IwhUe1VhC-inw
2016-01-31,Scelti con criterio,/,Past. Marco Lienhard,/,https://mega.nz/#!hdwHXbpZ!LqhBCj-tfu5YQ2fMc8q5DvBHEhewGTzj-EMK8wQogAM
2016-02-07,Il vestito da nozze,/,Past. Marco Lienhard,/,https://mega.nz/#!UQxmiD6T!pDtI07WgWFoz5WN_iT8zwPoh3DvG2nfI7vCHp0mA--U
2016-02-14,L'anima contesa,/,Past. Marco Lienhard,/,https://mega.nz/#!cRJSRZCR!zVxiQ1O-5uHP1mepEAcwAIkuRee7_MfO_xddVaJflmc
2016-02-21,Verità ubbidienza e riconciliazione,/,Anz. Bruno Fucilla,/,https://mega.nz/#!kVh3FCCI!H5QPSbcfgMqaWIBoMVK6V2G-rSz9GCQJDOY-mrgQ27U
2016-02-28,Approvati da Dio,/,Past. Marco Lienhard,/,https://mega.nz/#!URIWTapB!IIg-fmyJw8tK6gU5nWs7MC4hkudKJUSZ5_v_UeeCy4g
2016-03-06,Quando la fede cresce,/,Past. Marco Lienhard,/,https://mega.nz/#!AVAxWAJS!c6mX5d485Cb5Z80x-72XMnpaqVmP-gcYO7gbf9RUt3Q
2016-03-13,Ricevere lo Spirito Santo,/,Past. Marco Lienhard,/,https://mega.nz/#!NNYyUAYJ!h_IXeop0800BC_89GFaI9UUsn9uZbpcjZBONWweJofE
2016-03-20,La terra promessa,/,Past. Marco Lienhard,/,https://mega.nz/#!4NQgSLwA!Tncb-SL69pxn-Pp-sRCjI3CiMxL49HBlGn-8CitJ4Fw
2016-03-27,Risorti a nuova vita,/,Past. Marco Lienhard,/,https://mega.nz/#!MJYkUSoS!D-CtgPj5EBeGxjnZLjrhMfwysvw0yJkHuZnsA4fPh2Q
2016-04-03,Pescatori di uomini,/,Past. Marco Lienhard,/,https://mega.nz/#!QJAFURxA!JcYnVMpavokFDz8PdVKB0oVPuBTSFtO1mc-TSBEbWws
2016-04-10,Dedicato o consacrato,/,Past. Marco Lienhard,/,https://mega.nz/#!BJIxXDjD!QQerviRf5PgpTg8m8JCY4y4yqRtXheaOcKHACx9sI0U
2016-04-17,Veri adoratori,/,Past. Marco Lienhard,/,https://mega.nz/#!xQ5BSBgT!8xprNlMxTpOA0TEOWoMS5z35DhToysJ4w4r-icG_3V4
2016-04-24,Spiriti di contaminazione e pericoli nel servizio a Dio ed ai conduttori,/,Anz. Giovanni Puntillo,/,https://mega.nz/#!hZBmjahZ!T6mX6Qj5vHdPjCkFvXtMhyfXqg8iTaFKbQxPjw6rw6o
2016-05-08,Gesù apre vie bloccate,/,Past. Marco Lienhard,/,https://mega.nz/#!pU4wmTTb!2Cg-YDxGmd8W6eanYZk9uRRLiTyCnTLkAgykth57qmI
2016-05-15,La mia grazia ti basta,/,Past. Marco Lienhard,/,https://mega.nz/#!EYJhGZgC!ggUL9Njjlcm8Tpza81pR8Nnfx1CzUfqsvoe61TfzdwE
2016-05-22,Alzati e cammina,/,Past. Giovanni Gullone,/,https://mega.nz/#!FVpT0AAJ!Y8z9uVuH8aMe6bn3ARsx2vLhIQ2wqiA_ttYNK-CLij8
2016-05-29,Trasformati,Non solo credenti ma discepoli,Past. Marco Lienhard,/,https://mega.nz/#!0RoCnaLa!8Qrn67FrJ09mjOUUXMg8nWZUSsZ2vdctJKFogwtuf1w
2016-06-03,Benvenuti a casa,Primo giorno di conferenza con il relatore Mike D'Anna,Past. Mike D'Anna,/,https://mega.nz/#!JIo3Qaga!6RBn5wF12iIg4i_KatGj0NUQA5m23_HU38p3Avy4KdA
2016-06-19,Rhema Siloe,Il Rhema diventa visione,Past. Marco Lienhard,/,https://mega.nz/#!5FAzULpJ!Q863cIrnPt6kNcmkZN6iYHhgNl0RrXo6Q-2NpRU1_dY
2016-07-03,Permetti di essere ferito,L'esca di satana,Past. Marco Lienhard,/,https://mega.nz/#!hA5RkB5A!iiYJc-L75awE9XC9FknEAr_99CoGv4UNiUpFzjLSZ_8
2016-07-10,Zelo che consuma,Zelo e conoscenza portano frutto,Past. Marco Lienhard,/,https://mega.nz/#!IA4TgbAK!hzjpgfWz3-dkUtcnx2u55WsO0WAp46N3g7V4JzVEJ78
2016-07-17,Relazioni ed autorità,Gesù pone le relazioni buone come presupposto per usare autorità,Past. Marco Lienhard,/,https://mega.nz/#!xMIEia5B!OlD0vPjZtg936Nr4Ez6Dc8ViaOV-MwjlcUp775UWVls
2016-08-07,La carne e la croce,/,Anz. Giovanni Puntillo,/,https://mega.nz/#!oAxAVKRC!IsBg_cFGArCaF5QTkHrFXRweggjp41zVoGCCXtVa960
2016-08-21,Gesù ha pietà,Come toccare il cuore di Gesù,Past. Marco Lienhard,/,https://mega.nz/#!gEgjBbLQ!6wDu7Cdk-ZUnvYgkzk7KAfVxOmnr9A44RlKKt5-IKdU
2016-08-28,Acqua di guarigione,Perchè molte guarigioni sono solo momentanee,Past. Marco Lienhard,/,https://mega.nz/#!pQpVnbzD!_WwBD7YIZkt37we_z-EE0jF4gAI4BUwZWn_-F8ftmeg
2016-09-11,Dimenticato da tutti,Come superare questo stato interiore,Past. Marco Lienhard,/,https://mega.nz/#!FZIFRTSR!wpfAcZA63a6a8bOJCiIyhV6LW0a-wpf0haiAHDgABEc
2016-09-18,Come essere felici,Un segreto spirituale,Past. Marco Lienhard,/,https://mega.nz/#!kVZUnJTB!XHk_G3tyihLZhVexiSRYZ7JC9g_UkTmlEFQqwTmc-ZQ
2016-09-25,Il frutto dello Spirito Santo,Coltivare il rapporto con lo spirito santo,Past. Marco Lienhard,/,https://mega.nz/#!5AwRlS5D!PGVxdgRLdrXb6heNEMcynpO5q0FKf6lIxSxhmfIBox4
2016-10-02,Il maestro che serve,Imparare da Gesù come servire,Past. Marco Lienhard,/,https://mega.nz/#!4cIEmCrY!exkUTwmgno2NKzKwcjfrQrA1IJFYFy3hcfQBt-4EWtE
2016-10-23,Il dono prezioso della Salvezza,/,Anz. Bruno Fucilla,/,https://mega.nz/#!4cIEmCrY!exkUTwmgno2NKzKwcjfrQrA1IJFYFy3hcfQBt-4EWtE
2016-10-30,Fede nella fossa,Avere fede anche e soprattutto nelle difficoltà,Past. Marco Lienhard,/,https://mega.nz/#!cMQVXDQA!6gl01bqrpKWgYp8fji1oApcfLSw6m6kFAiqoNjweb3g
2016-11-06,Liberi per liberare,Gesù sul mercato degli schiavi,Past. Marco Lienhard,/,https://mega.nz/#!1dx2mSYT!uSbW6dmaR1j9OdE3s44XNCbYF-wAIFKs0zpNj3-X8OM
2016-11-14,Riafferra lo scopo della tua vita,/,Anz. Giovanni Puntillo,/,https://mega.nz/#!dYpA1DZb!8lNEr6LGNyxae6HlVWPchoEI0RNmiTX4Sz8pgDtQaFI
2016-11-20,Vincere la paura,La proposta biblica alle nostre paure,Past. Marco Lienhard,/,https://mega.nz/#!JQ4RkTJK!C6_Lk_9xt_2OyqkWYzYQPB6W28BbR68BvhnXzYPgtZk
2016-11-27,L'immensità dell'amore di Dio,L'amore di Dio che suscita il nostro amore per Lui,Past. Domenico Gullone,/,https://mega.nz/#!xUpynQga!mcsbYk6HRwsZ2-Yg2sf4hLFUn3QVvOeET9SPgUMyt0o
2016-12-04,Il richiamo dell'eternità,Nicodemo alla ricerca del regno di Dio,Past. Marco Lienhard,/,https://mega.nz/#!IZ4hiZiI!5ZLv7-dAU2myyhFIxUwgJohQW1par4bEoWRghIXvmvA
2016-12-11,Le lastre di Mosè,L'ira tua distrugge l'opera di Dio,Past. Marco Lienhard,/,https://mega.nz/#!IV5mkQqY!Rx-pOTAJ2nvZGFRPTfKr2ful9FbyYAn61EATp0ue7zI
2016-12-18,Misericordia non sacrificio,Chi giudica non conosce Dio,Past. Marco Lienhard,/,https://mega.nz/#!0ABRDKwC!8YPMYoCoNhVDPmBMIxxbrEPoYuFadyV_QYgbx7vcAGg
2016-12-25,Culto di Natale,/,Past. Marco Lienhard,/,https://mega.nz/#!dYhARaZJ!3rFv1h4RIqQT2auGWH2ID2AK86GbzZx1N_Aa1jWOAWI
2017-01-01,Camminare in Cristo ringraziando,Mettere radici in profondità per crescere in alto,Past. Marco Lienhard,/,https://mega.nz/#!JMZiHbBC!y4_IyMmydEXd_PX3XZbk2A0bk-yy2qSFj1jwduJSdi8
2017-01-08,Rhema 2017,Vivere la potenza del vangelo,Past. Marco Lienhard,/,https://mega.nz/#!cMwgGDSB!QdaFY3pqwmUibAM210l5PsV01kkzBVRMol8NMj_zc3YS
2017-01-15,La maledizione dell'egoismo,L'altruismo sconfigge l'egoismo,Past. Marco Lienhard,/,https://mega.nz/#!ocoBjbjb!eIXVcCa2VnjIFdjzqG_PIaTyy3rAKO8G2v_G6fqxtZA
2017-01-22,Vivere nella grazia,Ricevere Dare e Rimanere nella grazia,Anz. Giovanni Puntillo,/,https://mega.nz/#!9QJkSQoC!VQAVhxiHUtBgINUnkIo8ydh_1ipUUhkz2v4nnWcCCpQ
2017-01-29,Fede che guarda Gesù,I cinque aspetti di una fede grande,Past. Marco Lienahrd,/,https://mega.nz/#!FcQxwBqS!7VkOnaTNhunsBUDLMOXMJo38-m6Iymbl05So90jFIwY
2017-02-05,Consacrati a Cristo,Consacrarsi per servire,Past. Marco Lienhard,/,/
2017-02-12,Chiamati per sempre,Una posizione che implica una funzione,Past. Marco Lienhard,https://hearthis.at/chiesasiloe/2017-02-12-pml/,https://hearthis.at/chiesasiloe/2017-02-12-pml/download/
2017-02-18,Ripieni di Dio,Con che cosa riempi la tua vita,Past. Rosario Mascari,https://hearthis.at/chiesasiloe/2017-02-18-pr-mp3/,https://hearthis.at/chiesasiloe/2017-02-18-pr-mp3/download/
2017-02-19,Parla la Parola,Quello che dite è quello che ricevete,Past. Rosario Mascari,https://hearthis.at/chiesasiloe/2017-02-19-pr-mp3/,https://hearthis.at/chiesasiloe/2017-02-19-pr-mp3/download/
2017-02-26,La fonte della fede,Sii un figlio dell'olio,Past. Marco Lienhard,https://hearthis.at/chiesasiloe/2017-02-26-pml/,https://hearthis.at/chiesasiloe/2017-02-26-pml/download/
2017-03-05,Vivere l'abbondanza,I tre livelli spirituali per un credente,Past. Marco Lienhard,https://hearthis.at/chiesasiloe/2017-03-05-pml-1/,https://hearthis.at/chiesasiloe/2017-03-05-pml-1/download/
2017-03-12,Salvati per grazia,L'uomo crede di essere salvato per meriti - non è questo l'insegnamento della parola di Dio,Anz. Bruno Fucilla,https://hearthis.at/chiesasiloe/2017-03-12-abf/,https://hearthis.at/chiesasiloe/2017-03-12-abf/download/
2017-03-19,Lo spirito sopra di me,I 4 livelli dell'opera dello Spirito Santo,Past. Marco Lienhard,https://hearthis.at/chiesasiloe/2017-03-19-pml/,https://hearthis.at/chiesasiloe/2017-03-19-pml/download/
2017-03-26,Essere pieni dello Spirito Santo,Uno standard di vita nella prima Chiesa,Past. Marco Lienhard,https://hearthis.at/chiesasiloe/2017-03-26-pml/,https://hearthis.at/chiesasiloe/2017-03-26-pml/download/
2017-04-02,Come essere pieni dello Spirito Santo,Cinque modi per esserlo,Past. Marco Lienhard,https://hearthis.at/chiesasiloe/2017-04-02-pml/,https://hearthis.at/chiesasiloe/2017-04-02-pml/download/
2017-04-09,Il parlare dello Spirito Santo,Quando sei ripieno di Spirito Santo Lui ti parla,Past. Marco Lienhard,https://hearthis.at/chiesasiloe/09042017-pm/,https://hearthis.at/chiesasiloe/09042017-pm/download/
2017-04-16,Morire per vincere,Il segreto spirituale per la vittoria,Past. Marco Lienhard,https://hearthis.at/chiesasiloe/16042017-pm/,https://hearthis.at/chiesasiloe/16042017-pm/download/
2017-04-30,Il messaggio del profeta Amos,Il buon pastore vuole strapparci dalle fauci del leone,Past. Marco Lienhard,https://hearthis.at/chiesasiloe/30042017-pm/,https://hearthis.at/chiesasiloe/30042017-pm/download/
2017-05-07,Quando la manna finisce...,E' giunto il tempo di diventare combattenti,Past. Marco Ielo,https://hearthis.at/chiesasiloe/07052017-pmi/,https://hearthis.at/chiesasiloe/07052017-pmi/download/
2017-05-13,Passione per Dio,Spendi la tua vita per portare avanti il regno di Dio,Past. Sandro Lauricelli,https://hearthis.at/chiesasiloe/13052017/,https://hearthis.at/chiesasiloe/13052017/download/
2017-05-14,Chi è Gesù per te?,-,Past. Sandro Lauricelli,https://hearthis.at/chiesasiloe/14052017/,https://hearthis.at/chiesasiloe/14052017/download/
2017-05-21,Nicodemus vs Paulus,Due farisei ed il loro rapporto con Gesù,Past Marco Lienhard,https://hearthis.at/chiesasiloe/21052017-pml/,https://hearthis.at/chiesasiloe/21052017-pml/download/
2017-05-28,Vivere con gli uomini,Liberi dall'apparire per servire,Past. Marco Linehard,https://hearthis.at/chiesasiloe/28052017-pml-1h5/,https://hearthis.at/chiesasiloe/28052017-pml-1h5/download/
2017-06-04,Vivere con una missione,L'adorazione ci dà la visione per servire,Past. marco Lienhard,https://hearthis.at/chiesasiloe/04062017-pml/,https://hearthis.at/chiesasiloe/04062017-pml/download/
2017-06-09,Per fede vivrai 1,/,Past. Mike D'Anna,https://hearthis.at/chiesasiloe/09062017-p-m-a/,https://hearthis.at/chiesasiloe/09062017-p-m-a/download/
2017-06-10,Per fede vivrai 2,/,Past. Mike D'Anna,https://hearthis.at/chiesasiloe/whatsapp-audio-2017-06-13-at-142306/,https://hearthis.at/chiesasiloe/whatsapp-audio-2017-06-13-at-142306/download/
2017-06-18,Riconoscere Cristo,L'importanza di avere Gesù come Salvatore ma anche come Dio,Past. Marco Lienhard,https://hearthis.at/chiesasiloe/18062017-pm/,https://hearthis.at/chiesasiloe/18062017-pm/download/
2017-06-25,Il saluto del credente,Buone maniere nel rapportarsi tra discepoli di Cristo,Anz. Giovanni Puntillo,https://hearthis.at/chiesasiloe/25062017-pgp/,https://hearthis.at/chiesasiloe/25062017-pgp/download/
2017-07-02,La giustizia in Cristo,La giustificazione che Gesù Cristo ci ha conquistato sulla croce,Past. Marco Lienhard,https://hearthis.at/chiesasiloe/02072017-pml/,https://hearthis.at/chiesasiloe/02072017-pml/download/
2017-07-09,L'autorità del discepolo,L'equipaggiamento per il discepolo è autorità delegata,Past. Marco Lienhard,https://hearthis.at/chiesasiloe/09072017-pm/,https://hearthis.at/chiesasiloe/09072017-pm/download/
2017-07-16,Costruisci il tuo altare,Incontrare Dio ci porta all'adorazione - come fece Abrahamo,Past. Marco Lienhard,https://hearthis.at/chiesasiloe/16072017-pm/,https://hearthis.at/chiesasiloe/16072017-pm/download/
2017-07-23,L'amico di Dio,Impariamo da Abrahamo per diventare amici di Dio,Past. Marco Lienhard,https://hearthis.at/chiesasiloe/23072017-pml/,https://hearthis.at/chiesasiloe/23072017-pml/download/
2017-07-30,Falsi o veri,La relazione con Gesù ci spinge ad essere autentici,Past. Marco Lienhard,https://hearthis.at/chiesasiloe/30072017-pm/,https://hearthis.at/chiesasiloe/30072017-pm/download/
2017-08-06,Chi è il mio prossimo?,Gesù ci apre gli occhi per il bisogno del prossimo,Anz. Bruno Fucilla,https://hearthis.at/chiesasiloe/06082017-ab/,https://hearthis.at/chiesasiloe/06082017-ab/download/
2017-08-20,Gioia nella prova,Come attingere alla fonte di gioia nonostante le prove,Past. Marco Lienhard,https://hearthis.at/chiesasiloe/20082017-pm/,https://hearthis.at/chiesasiloe/20082017-pm/download/
2017-08-27,Le città in eredità,La Chiesa è erede della promessa fatta ad Abrahamo,Past. Marco Lienhard,https://hearthis.at/chiesasiloe/27082017-pm/,https://hearthis.at/chiesasiloe/27082017-pm/download/
2017-08-29,<b>Ritiro Spirituale-Sera</b><br>Gesù vuole discepoli potenti,Entriamo nella visione di questo ritiro spirituale,Past. Marco Lienhard,https://hearthis.at/chiesasiloe/ges-vuole-discepoli-potenti-entriamo-nella-visione-di-questo-ritiro-spirituale/,https://hearthis.at/chiesasiloe/ges-vuole-discepoli-potenti-entriamo-nella-visione-di-questo-ritiro-spirituale/download/
2017-08-30,<b>Ritiro Spirituale-Mattina</b><br>Sperimentare la giustizia rivelata,Radicati sul fondamento della giustificazione,Past. Marco Ielo,https://hearthis.at/chiesasiloe/sperimentare-la-giustizia-rivelata-radicati-sul-fondamento-della-giustificazione/,https://hearthis.at/chiesasiloe/sperimentare-la-giustizia-rivelata-radicati-sul-fondamento-della-giustificazione/download/
2017-08-30,<b>Angelologia e Demonologia</b><br>Studio su Angelologia,/,Past. Marco Lienhard,https://hearthis.at/chiesasiloe/angelologia/,https://hearthis.at/chiesasiloe/angelologia/download/
2017-08-30,<b>Ritiro Spirituale-Sera</b><br>Incontrare la potenza, quando gesù ci vuole lavare i piedi,Past. Marco Lienhard,https://hearthis.at/chiesasiloe/incontrare-la-potenza-quando-gesu-ci-vuole-lavare-i-piedi/,https://hearthis.at/chiesasiloe/incontrare-la-potenza-quando-gesu-ci-vuole-lavare-i-piedi/download/
2017-08-31,<b>Ritiro Spirituale-Mattina</b><br>Come attingere alla forza di Dio,Dio con la sua forza vuole fortificarci dentro,Past. Marco Lienhard,https://hearthis.at/chiesasiloe/come-attingere-alla-forza-di-dio-dio-xon-la-sua-forza-vuole-fortificarci-dentro/,https://hearthis.at/chiesasiloe/come-attingere-alla-forza-di-dio-dio-xon-la-sua-forza-vuole-fortificarci-dentro/download/
2017-08-31,<b>Angelologia e Demonologia</b><br>Studio su Demonologia pt. 1,/,Past. Marco Lienhard,https://hearthis.at/chiesasiloe/demonologia1/,https://hearthis.at/chiesasiloe/demonologia1/download/
2017-08-31,<b>Ritiro Spirituale-Sera</b><br>Alla ricerca delle cose maggiori,Basta accontentarci di cose minori,Past. Marco Ielo,https://hearthis.at/chiesasiloe/alla-ricerca-delle-cose-maggiori-basta-accontentarci-di-cose-minori/,https://hearthis.at/chiesasiloe/alla-ricerca-delle-cose-maggiori-basta-accontentarci-di-cose-minori/download/
2017-09-01,<b>Ritiro Spirituale-Mattina</b><br>Affronta i tuoi demoni,Il credente può essere sotto influenza demoniaca,Past. Marco Lienhard,https://hearthis.at/chiesasiloe/registra-003/,https://hearthis.at/chiesasiloe/registra-003/download/
2017-09-01,<b>Angelologia e Demonologia</b><br>Studio su Demonologia pt. 2,/,Past. Marco Lienhard,https://hearthis.at/chiesasiloe/demonologia-2-1/,https://hearthis.at/chiesasiloe/demonologia-2-1/download/
2017-09-01,<b>Ritiro Spirituale-Sera</b><br>Prendere decisioni forti,Basta vivere nella mediocrità,Past. Marco Lienhard,https://hearthis.at/chiesasiloe/prendere-decisione-forti-basta-vivere-nella-mediocrit/,https://hearthis.at/chiesasiloe/prendere-decisione-forti-basta-vivere-nella-mediocrit/download/
2017-09-02,<b>Ritiro Spirituale-Mattina</b><br>Scoprire la potenza della preghiera,le persone hanno bisogno di una scossa di preghiera,Past. Marco Lienhard,https://hearthis.at/chiesasiloe/sciprirr-la-potenza-della-preghiera-le-persone-hanno-bisogno-di-una-scissa-di-preghiera/,https://hearthis.at/chiesasiloe/sciprirr-la-potenza-della-preghiera-le-persone-hanno-bisogno-di-una-scissa-di-preghiera/download/
2017-09-03,<b>Ritiro Spirituale-Mattina</b><br>Testimonianze,/,/,https://hearthis.at/chiesasiloe/testimionane-ritiro/,https://hearthis.at/chiesasiloe/testimionane-ritiro/download/
2017-09-03,<b>Ritiro Spirituale-Mattina</b><br>Autorità delegata,Il segreto della sottomissione che porta autorità,Past. Marco Ielo,https://hearthis.at/chiesasiloe/autorit-delegata-il-segreto-della-sottomissione-che-porta-autorit/,https://hearthis.at/chiesasiloe/autorit-delegata-il-segreto-della-sottomissione-che-porta-autorit/download/
2017-09-10,Confidenza Verso Dio,La confidenza che nasce quando il nostro cuore non ci condanna,Past. Marco Lienhard,https://hearthis.at/chiesasiloe/27082017-pm/,https://hearthis.at/chiesasiloe/27082017-pm/download/
2017-09-13,<b>Angelologia e Demonologia</b><br>Studio su Demonologia pt. 3,/,Past. Marco Lienhard,https://hearthis.at/chiesasiloe/demonologia-3/,https://hearthis.at/chiesasiloe/demonologia-3/download/
2017-09-17,I privilegi del discepolo,I vantaggi dell'essere discepoli secondo il suo modello,Past. Marco Linehard,https://hearthis.at/chiesasiloe/17092017-pml/,https://hearthis.at/chiesasiloe/17092017-pml/downlaod/
2017-09-24,Il discepolo in disparte con Gesù,L'intimità che si crea quando Gesù ti chiama in disparte,Past. Marco Lienhard,https://hearthis.at/chiesasiloe/24092017-pm/,https://hearthis.at/chiesasiloe/24092017-pm/download/
2017-10-01,La gioia del discepolo,Gesù insegna il livello superiore della gioia,Past. Marco Lienhard,https://hearthis.at/chiesasiloe/01102017-pml/,https://hearthis.at/chiesasiloe/01102017-pml/download/
2017-10-15,La chiamata di Cristo: Venite prendete e imparate da me,Solo coloro che hanno i requisiti richiesti saranno veri discepoli disposti a risponderGli in modo incondizionato,Anz. Giovanni Puntillo,https://hearthis.at/chiesasiloe/15102017-agp/,https://hearthis.at/chiesasiloe/15102017-agp/download/
2017-10-22,<small>mattina</small><br>l coraggio di osare,Due persone che hanno il coraggio di osare davanti alle folle riconoscedo Gesù come salvatore della loro vita,Anz. Bruno Fucilla,https://hearthis.at/chiesasiloe/22102017-pm-mattina/,https://hearthis.at/chiesasiloe/22102017-pm-mattina/download/
2017-10-22,<small>pomeriggio</small><br>Il premio del discepolo,Gesù promette abbondanti benedizioni a chi lo segue,Past. Marco Lienhard,https://hearthis.at/chiesasiloe/predica-22102017pomeriggio/,https://hearthis.at/chiesasiloe/predica-22102017pomeriggio/download/
2017-10-29,Apri le porte del tuo tempio,Fai ordine per ripristinare l'adorazione,Past. Jonatan Strazzeri,https://hearthis.at/chiesasiloe/predica-29102017-pgs/,https://hearthis.at/chiesasiloe/predica-29102017-pgs/download/
2017-11-05,L'amore profondo di Gesù,Perché sentirsi amati anche nelle difficoltà,Past. Marco Lienhard,https://hearthis.at/chiesasiloe/predica-05112017-pml/,https://hearthis.at/chiesasiloe/predica-05112017-pml/download/
2017-11-08,<b>Angelologia e Demonologia</b><br>Studio su Demonologia pt. 4,/,Past. Marco Lienahrd,https://hearthis.at/chiesasiloe/demonologia-4/,https://hearthis.at/chiesasiloe/demonologia-4/download/
2017-11-12,A lezioni d'amore con Gesù,Gesù ci insegna ad investire nelle relazioni con l'amore,Past. Marco Lienhard,https://hearthis.at/chiesasiloe/predica-12112017/,https://hearthis.at/chiesasiloe/predica-12112017/download/
2017-11-19,Amare e amare,Vi sono due modi di amare - mira in alto,Past. Marco Lienhard,https://hearthis.at/chiesasiloe/predica-19112017/,https://hearthis.at/chiesasiloe/predica-19112017/download/
2017-11-26,<small>pomeriggio</small><br>Il perdono dell'amore,La soluzione per il peso della colpa è l'amore che perdona,Past. Marco Lienahrd,https://hearthis.at/chiesasiloe/predica-26112017-pomeriggio/,https://hearthis.at/chiesasiloe/predica-26112017-pomeriggio/downlaod/
2017-12-03,L'amore rifiutato,Il vero amore lascia libero,Past. Marco Lienahrd,https://hearthis.at/chiesasiloe/predica-03122017-pml/,https://hearthis.at/chiesasiloe/predica-03122017-pml/download/
2017-12-10,un cuore cambiato,Il Signore guarda al tuo cuore come ha fatto con Davide,Anz. Bruno Fucilla,https://hearthis.at/chiesasiloe/10122017-abf/,https://hearthis.at/chiesasiloe/10122017-abf/download/
2017-12-17,la famiglia di Gesù,Gesù ripristina il modello della famiglia,Past. Marco Lienhard,https://hearthis.at/chiesasiloe/predica-17122017-pml/,https://hearthis.at/chiesasiloe/predica-17122017-pml/download/
2017-12-25,Culto di Natale,/,Past. Marco Lienhard,https://hearthis.at/chiesasiloe/predica-25122017/,https://hearthis.at/chiesasiloe/predica-25122017/download/
2018-01-14,Corsa ad ostacoli con testimoni,Siamo chiamati come Figli di Dio a correre una corsa ad ostacoli con testimone e il testimone è il Regno di Dio che dobbiamo portare alle nuove generazioni,<i>Pastore</i><br> Ciro Sconamiglio,https://hearthis.at/chiesasiloe/predica-14012018/,https://hearthis.at/chiesasiloe/predica-14012018/download/
2018-01-21,Dio - Padre dei suoi figli,A scuola dal padre dei padri,<i>Pastore</i><br> Marco Lienhard,https://hearthis.at/chiesasiloe/predica-21012018/,https://hearthis.at/chiesasiloe/predica-21012017/download/
2018-01-28,<small>mattina</small><br>Agnello degno di lode e adorazione,/,<i>Anziano</i><br> Brunello Fucilla,https://hearthis.at/chiesasiloe/28012018-ab/,https://hearthis.at/chiesasiloe/28012018-ab/download/
2018-01-28,<small>pomeriggio</small><br>Dio padre ha obiettivi,Un padre che ha degli obiettivi entusiasma e corregge,<i>Pastore</i><br> Marco Lienhard,https://hearthis.at/chiesasiloe/predica-28012018-pomeriggio/,https://hearthis.at/chiesasiloe/predica-28012018-pomeriggio/download/
2018-02-04,Fratelli e fratelli,I fratelli son dati per crescere nella fede,<i>Pastore</i><br> Marco Lienhard,https://hearthis.at/chiesasiloe/predica-04022018/,https://hearthis.at/chiesasiloe/predica-04022018/download/
2018-02-11,La potenza di Dio,Esercita la fede che attiva la potenza di Dio,<i>Anziano</i><br> Giovanni Puntillo,https://hearthis.at/chiesasiloe/predica-11022018/,https://hearthis.at/chiesasiloe/predica-11022018/download/
2018-02-19,I 4 fiumi con la 'C' maiuscola,La visione del Gospel Forum Cosenza,<i>Pastore</i><br> Marco Lienhard,https://hearthis.at/chiesasiloe/predica-18022018/,https://hearthis.at/chiesasiloe/predica-18022018/download/
2018-02-25,<small>mattina</small><br>Prendici in possesso,Il beneficio dell'essere priorità di Dio,<i>Pastore</i><br> Marco Lienhard,https://hearthis.at/chiesasiloe/predica-25022018-mattina/,https://hearthis.at/chiesasiloe/predica-25022018-mattina/download/
2018-02-25,<small>pomeriggio</small><br>Tu vali,Dio ti ha voluto a qualunque costo,<i>Evangelista</i><br> Alessio Di Chiara,https://hearthis.at/chiesasiloe/predica-25022018-pomeriggio/,https://hearthis.at/chiesasiloe/predica-25022018-pomeriggio/download/
2018-03-04,Latte o bistecca?,Il nesso tra cibo e crescita spirituale,<i>Pastore</i><br> Marco Lienhard,https://hearthis.at/chiesasiloe/predica-04032018/,https://hearthis.at/chiesasiloe/predica-04032018/download/
2018-03-11,Marco 10:46,Apri i nostri occhi per vedere la gloria di Dio,<i>Fratello</i><br> Giuseppe Costantino,https://hearthis.at/chiesasiloe/predica-11032018/,https://hearthis.at/chiesasiloe/predica-11032018/download/
2018-03-18,Oltre i limiti,/,<i>Pastore</i><br> Rosario Mascari,https://hearthis.at/chiesasiloe/predica-18032018/,https://hearthis.at/chiesasiloe/predica-18032018/download/
2018-03-25,<small>mattina</small><br>Mille e inutili perché,/,<i>Anziano</i><br> Giovanni Puntillo,https://hearthis.at/chiesasiloe/predica-25032018-mattina/,https://hearthis.at/chiesasiloe/predica-25032018-mattina/download/
2018-03-25,<small>pomeriggio</small><br> Odio il peccato, Sei motivi perche' non voglio peccare,<i>Pastore</i><br> Marco Lienhard,https://hearthis.at/chiesasiloe/predica-25032018-pomeriggio/,https://hearthis.at/chiesasiloe/predica-25032018-pomeriggio/download/
2018-04-01,Perfetti per sempre,/,<i>Pastore</i><br> Marco Lienhard,https://hearthis.at/chiesasiloe/predica-01042018/,https://hearthis.at/chiesasiloe/predica-01042018/download/
2018-04-08,Benedici anima mia l'Eterno,Benedire il Signore in tutte le circostanze,<i>Anziano</i><br>Brunello Fucilla,https://hearthis.at/chiesasiloe/predica-08042018/,https://hearthis.at/chiesasiloe/predica-08042018/download/
2018-04-15,Conoscere la potenza della risurrezione di Gesù,Che cosa produce la risurrezione di Cristo nella nostra vita e perchè,<i>Pastore</i><br> Paolo Minder,https://hearthis.at/chiesasiloe/predica-15042018/,https://hearthis.at/chiesasiloe/predica-15042018/download/
2018-04-22,Intimità con Gesù,il cieco nato conosce Gesù,<i>Pastore</i><br> Marco Lienhard,https://hearthis.at/chiesasiloe/predica-22042018/,https://hearthis.at/chiesasiloe/predica-22042018/download/
2018-04-29,Una relazione che libera,Luca 18:35,<i>Missionario</i><br> Salvatore Capritti,https://hearthis.at/chiesasiloe/predica-29042018/,https://hearthis.at/chiesasiloe/predica-29042018/download/
2018-05-06,Vinci il vittimismo,Dio dimostra a Gedeone come uscire dal vittimismo,<i>Pastore</i><br> Marco Lienhard,https://hearthis.at/chiesasiloe/predica-06052018/,https://hearthis.at/chiesasiloe/predica-06052018/download/
2018-05-13,Entra nella vittoria,La mentalità della vittoria si basa su forza e coraggio,<i>Pastore</i><br> Marco Lienhard,https://hearthis.at/chiesasiloe/predica-13052018/,https://hearthis.at/chiesasiloe/predica-13052018/download/
2018-05-20,Ezechiele 37:1-5,/,<i>Pastore</i><br> Thomas Spiridigliozzi,https://hearthis.at/chiesasiloe/predica-20052018/,https://hearthis.at/chiesasiloe/predica-20052018/download/
2018-06-03,Benedire chi maledice,/,<i>Pastore</i><br> Marco Lienhard,https://hearthis.at/chiesasiloe/predica-03062018/,https://hearthis.at/chiesasiloe/predica-03062018/download/
2018-06-10,Salvezza,La S della visione Siloe,<i>Pastore</i><br> Marco Lienhard,https://hearthis.at/chiesasiloe/predica-10062018/,https://hearthis.at/chiesasiloe/predica-10062018/download/
2018-06-17,Chiesa del terzo millennio - come stai?,/,<i>Anziano</i><br> Giovanni Puntillo,https://hearthis.at/chiesasiloe/predica-17062018/,https://hearthis.at/chiesasiloe/predica-17062018/download/
2018-06-24,Intimità con Dio,Visione Siloe pt.2,<i>Pastore</i><br> Marco Lienhard,https://hearthis.at/chiesasiloe/predica-24062018/,https://hearthis.at/chiesasiloe/predica-24062018/download/
2018-07-01,Vivere col cuore aperto,La 'L' della visione Siloe: Lavoro Sociale,<i>Pastore</i><br> Marco Lienhard,https://hearthis.at/chiesasiloe/predica-01072018/,https://hearthis.at/chiesasiloe/predica-01072018/download/
2018-07-08,peccati invisibili,/,<i>Anziano</i><br> Brunello Fucilla,https://hearthis.at/chiesasiloe/predica-08072018/,https://hearthis.at/chiesasiloe/predica-08072018/download/
2018-07-15,L'oasi familiare,La 'O' della visione Siloe,<i>Pastore</i><br> Marco Lienhard,https://hearthis.at/chiesasiloe/predica-15072018/,https://hearthis.at/chiesasiloe/predica-15072018/download/
2018-07-22,Evangelizzare con passione,La 'E' della visione Siloe,<i>Pastore</i><br> Marco Lienhard,https://www.facebook.com/gospelforumcosenza/videos/1977420275883559/?hc_ref=ARR9vzpZeRp0ATcnjn5Jhap7yHXPPUUocJ5vlDOUEcRV-CG6-bQt8yXDKAiHzqINT2s,/
2018-07-29,La sfida della fede,La vera fede si esprime in fiducia,<i>Pastore</i><br> Marco Lienhard,https://hearthis.at/chiesasiloe/predica-29072018/,https://hearthis.at/chiesasiloe/predica-29072018/download/
2018-08-05,Come chiedere e come ci verrà dato,insegnamento su come pregare,<i>Anziano</i><br>Brunello Fucilla,https://hearthis.at/chiesasiloe/predica-05082018/,https://hearthis.at/chiesasiloe/predica-05082018/download/
2018-08-12,Che fede?,Tipi di fede,<i>Anziano</i><br>Giovanni Puntillo,https://hearthis.at/chiesasiloe/predica-12082018/,https://hearthis.at/chiesasiloe/predica-12082018/download/
2018-08-19,Ponti che crollano - il mio Dio no!,Domande e risposte ai disastri,<i>Pastore</i><br>Marco Lienahrd,https://hearthis.at/chiesasiloe/predica-19082018/,https://hearthis.at/chiesasiloe/predica-19082018/download/
2018-08-30,<i>-Ritiro Pomeriggio-</i><br>Vivere con visione,Introduzione al ritiro,<i>Pastore</i><br>Marco Lienhard,https://hearthis.at/chiesasiloe/1/,https://hearthis.at/chiesasiloe/1/download/
2018-08-30,<i>-Ritiro Sera-</i><br>L'importanza della visione,Chi definisce la tua visione?,<i>Pastore</i><br>Marco Lienhard,https://hearthis.at/chiesasiloe/2/,https://hearthis.at/chiesasiloe/2/download/
2018-08-31,<i>-Ritiro Mattina-</i><br>La visione di Abrahamo,Percorsi per arrivare alla meta,<i>Pastore</i><br>Marco Ielo,https://hearthis.at/chiesasiloe/3/,https://hearthis.at/chiesasiloe/3/download/
2018-08-31,<i>-Ritiro Sera-</i><br>Ricevere la visione,Il mandato prepara il Rhema,<i>Pastore</i><br>Marco Lienhard,https://hearthis.at/chiesasiloe/4/,https://hearthis.at/chiesasiloe/4/download/
2018-09-01,<i>-Ritiro Mattina-</i><br>La visione produce identità,Ricevere l'identità di Cristo tramite l'ubbidienza,<i>Pastore</i><br>Souza Santos Aquileone,https://hearthis.at/chiesasiloe/5/,https://hearthis.at/chiesasiloe/5/download/
2018-09-01,<i>-Ritiro Sera-</i><br>Proclama il Rhema sulla tua vita,Uno strumento potente per attivare la visione,<i>Pastore</i><br>Marco Lienhard,https://hearthis.at/chiesasiloe/6/,https://hearthis.at/chiesasiloe/6/download/
2018-09-02,<i>-Ritiro Mattina-</i><br>Perseveranza nella visione della visione,Gesù: lo scopo finale della nostra vita,<i>Pastore</i><br>Marco Ielo,https://hearthis.at/chiesasiloe/7/,https://hearthis.at/chiesasiloe/7/download/
2018-09-02,<i>Testimonianze ritiro</i>,Testimonianze,Vari,https://hearthis.at/chiesasiloe/8/,https://hearthis.at/chiesasiloe/8/download/
2018-09-16,Provati per essere approvati,Ripieni di Spirito Santo e di Fede,<i>Pastore</i><br>Luciano Decuia,https://hearthis.at/chiesasiloe/predica-16092018/,https://hearthis.at/chiesasiloe/predica-16092018/download/
2018-09-23, Sogno spirituale e risveglio,,<i>Anziano</i><br>Brunello Fucilla,https://hearthis.at/chiesasiloe/predica-23092018/,https://hearthis.at/chiesasiloe/predica-23092018/download/
2018-09-30, Acqua - spirito e fuoco, I componenti del risveglio, <i>Pastore</i><br>Marco Lienhard,https://hearthis.at/chiesasiloe/predica-30092018/,https://hearthis.at/chiesasiloe/predica-30092018/download/
2018-10-07, La visione di Gesù, Ricevere nel cuore la visione di Gesù, <i>Pastore</i><br>Marco Lienhard,https://hearthis.at/chiesasiloe/predica-07102018/,https://hearthis.at/chiesasiloe/predica-07102018/download/
2018-10-13, Cuore di servo, Abbiate in voi lo stesso sentimento che è stato in Cristo Gesù... Filippesi 2:5, <i>Apostolo</i><br>Emanuele Frediani,https://hearthis.at/chiesasiloe/predica-13102018/,https://hearthis.at/chiesasiloe/predica-13102018/download/
2018-10-14, Il Signore è il mio pastore, 'Io abiterò nella casa del Signore per lunghi giorni',<i>Apostolo</i><br>Emanuele Frediani,https://hearthis.at/chiesasiloe/predica-14102018/,https://hearthis.at/chiesasiloe/predica-14102018/download/
2018-10-21, Influenza la tua società, Daniele con la mentalità del regno di Dio cambiò la storia di un impero,<i>Pastore</i><br>Marco Lienhard,https://hearthis.at/chiesasiloe/predica-21102018/,https://hearthis.at/chiesasiloe/predica-21102018/download/
2018-10-28, (5 pani + 2 pesci) x Gesù=molto di più,Gesù ha ristoro-guarigione e guida da darti,<i>Leader</i><br>Michele D'Onofrio,https://hearthis.at/chiesasiloe/predica-28102018/,https://hearthis.at/chiesasiloe/predica-28102018/download/
2018-11-04, Fede nel nome di Gesù, I segreti dei miracoli della prima chiesa,<i>Pastore</i><br>Marco Lienhard,https://hearthis.at/chiesasiloe/predica-04112018/,https://hearthis.at/chiesasiloe/predica-04112018/download/
2018-11-11, Nelle  braccia di Papà,La fonte di pace nella prova,<i>Pastore</i><br>Marco Lienhard,https://hearthis.at/chiesasiloe/predica-11112018/,https://hearthis.at/chiesasiloe/predica-11112018/download/
2018-11-18, La croce Ref. Billy Graham, Il significato della croce per noi oggi, Testimonianze,https://hearthis.at/chiesasiloe/predica-18112018/,https://hearthis.at/chiesasiloe/predica-18112018/download/
2018-11-25, Il prezzo dell'unità,Amore è il prezzo da pagare per avere il successo dell'unità,<i>Pastore</i><br>Marco Lienhard,https://hearthis.at/chiesasiloe/predica-25112018/,https://hearthis.at/chiesasiloe/predica-25112018/download/
2018-12-02, Il nome dello Spirito Santo, Amore è il prezzo da pagare per avere il successo dell'unità,<i>Pastore</i><br>Marco Lienhard,https://hearthis.at/chiesasiloe/predica-02122018/,https://hearthis.at/chiesasiloe/predica-02122018/download/
2018-12-09, Provati e approvati, La necessità delle prove nella vita del cristiano,<i>Anziano</i><br>Giovanni Puntillo,https://hearthis.at/chiesasiloe/predica-09122018/,https://hearthis.at/chiesasiloe/predica-09122018/download/
2018-12-16, Koinonia con lo Spirito Santo, Una questione di frequenza,<i>Pastore</i><br>Marco Lienahrd,https://hearthis.at/chiesasiloe/predica-16122018/,https://hearthis.at/chiesasiloe/predica-16122018/download/
2018-12-23, Il costo del servire il Signore, La vergine ci insegna cosa vuol dire servire Dio,<i>Pastore</i><br>Marco Lienhard,https://hearthis.at/chiesasiloe/predica-23122018/,https://hearthis.at/chiesasiloe/predica-23122018/download/
2018-12-30, La fedeltà di Dio nelle promesse, /,<i>Pastore</i><br>Marco Lienhard,https://hearthis.at/chiesasiloe/predica-30122018/,https://hearthis.at/chiesasiloe/predica-30122018/download/
2019-01-06, Rhema 2019 - Gloria ripristinata, /,<i>Pastore</i><br>Marco Lienhard,https://hearthis.at/chiesasiloe/predica-06012019/,https://hearthis.at/chiesasiloe/predica-06012019/download/
2019-01-13,Rhema Siloe 2019-II, /,<i>Pastore</i><br>Marco Lienhard,https://hearthis.at/chiesasiloe/predica-13012019/,https://hearthis.at/chiesasiloe/predica-13012019/download/
2019-01-20,Rhema Siloe 2019-III - L'amore di papà, La rivelazione della potenza dell'amore paterno,<i>Pastore</i><br>Marco Lienhard,https://hearthis.at/chiesasiloe/predica-20012019/,https://hearthis.at/chiesasiloe/predica-20012019/download/
2019-01-27,Rhema Siloe 2019-IV - Affinchè il mondo crea, Unità e amore convincono il mondo,<i>Pastore</i><br>Marco Lienhard,https://hearthis.at/chiesasiloe/predica-27012019/,https://hearthis.at/chiesasiloe/predica-27012019/download/
2019-02-03,Gesù riposo dell'anima,/,<i>Anziano</i><br>Brunello Fucilla,https://hearthis.at/chiesasiloe/predica-03022019/,https://hearthis.at/chiesasiloe/predica-03022019/download/
2019-02-10,Non rimanere a terra,5 principi di prevenzione per non rimanere a terra,<i>Pastore</i><br>Marco Lienhard,https://hearthis.at/chiesasiloe/predica-10022019/,https://hearthis.at/chiesasiloe/predica-10022019/download/
2019-02-17,'Lo Spirito Santo vuole parlarti', I tre modi princiali del parlare dello SpS,<i>Pastore</i><br>Marco Lienhard,https://hearthis.at/chiesasiloe/predica-17022019/,https://hearthis.at/chiesasiloe/predica-17022019/download/
2019-02-24,'Perchè solo Lui?!',Serve un mediatore speciale per riconciliarci con Dio e Gesù è quello giusto,<i>Pastore</i><br>Vittorio Valente,https://hearthis.at/chiesasiloe/predica-24022019/,https://hearthis.at/chiesasiloe/predica-24022019/download/
2019-03-03,Timore e Potenza, Ciò che contraddistingue la prima chiesa,<i>Pastore</i><br>Marco Lienhard,https://hearthis.at/chiesasiloe/predica-03032019/,https://hearthis.at/chiesasiloe/predica-03032019/download/
2019-03-17,Lascia la casa del pianto,/,<i>Pastore</i><br>Marco Lienhard,https://hearthis.at/chiesasiloe/predica-17032019/,https://hearthis.at/chiesasiloe/predica-17032019/download/
2019-03-24,I semafori del tuo viaggio,La tua vita è un viaggio,<i>Anziano</i><br>Giovanni Puntillo,https://hearthis.at/chiesasiloe/predica-24032019-ht3/,https://hearthis.at/chiesasiloe/predica-24032019-ht3/download/
2019-03-31,L'adorazione trasforma,/,<i>Pastore</i><br>Marco Lienhard,https://hearthis.at/chiesasiloe/predica-31032019-ht3/,https://hearthis.at/chiesasiloe/predica-31032019-ht3/download/
2019-04-07,A scuola con Dio,Attraverso le prove viene fortificato il carattere di Giuseppe,<i>Pastore</i><br>Herbert Geiser,https://hearthis.at/chiesasiloe/predica-07042019/,https://hearthis.at/chiesasiloe/predica-07042019/download/
2019-04-14,L'adorazione guarisce,la luce della presenza di Gesù nelle tenebre,<i>Pastore</i><br>Marco Lienhard,https://hearthis.at/chiesasiloe/predica-14042019/,https://hearthis.at/chiesasiloe/predica-14042019/download/
2019-04-21,Vuoi sopravvivere o vincere,Con la risurrezione Gesù ci insegna la mentalità dei vincitori,<i>Pastore</i><br>Marco Lienhard,https://hearthis.at/chiesasiloe/predica-21042019/,https://hearthis.at/chiesasiloe/predica-21042019/download/
2019-04-28,Dio ci chiama ad aver coraggio,Il coraggio del cristiano,<i>Anziano</i><br>Brunello Fucilla,https://hearthis.at/chiesasiloe/predica-28042019/,https://hearthis.at/chiesasiloe/predica-28042019/download/
